<?xml version="1.0" encoding="utf-8"?>
<selector xmlns:android="http://schemas.android.com/apk/res/android">
    <!-- Pressed state -->
    <item android:state_pressed="true">
        <shape>
            <solid android:color="#D1C4E9" /> <!-- Pressed background color -->
            <stroke
                android:width="2dp"
                android:color="#6200EE" /> <!-- Border -->
            <corners android:radius="8dp" />
            <padding
                android:left="12dp"
                android:right="12dp"
                android:top="8dp"
                android:bottom="8dp" />
        </shape>
    </item>

    <!-- Default state -->
    <item>
        <shape>
            <solid android:color="#FFFFFF" /> <!-- Default background color -->
            <stroke
                android:width="2dp"
                android:color="#6200EE" /> <!-- Border -->
            <corners android:radius="8dp" />
            <padding
                android:left="12dp"
                android:right="12dp"
                android:top="8dp"
                android:bottom="8dp" />
        </shape>

    </item>
</selector>